time_d,standard_length_cm
0,3.55714285714286
19,3.90655714285714
