age, weight, se_weight, length, se_length
5, 0.000245, 0.000036, , 
60, 0.097, 0.035, 18.5, 2.2
180, 0.326, 0.103, 26.9, 1.9