age_d,total_length_cm
5.00741992,0.30707071
5.01034883,0.42828283
5.97532950,0.36363636
5.97698922,0.43232323
6.99107806,0.40000000
6.99215200,0.44444444
7.96045210,0.51717172
8.00731478,0.45656566
8.97571251,0.53333333
9.94401261,0.60606061
10.95819908,0.57777778
10.95946828,0.63030303
11.97404528,0.61818182
11.97648604,0.71919192
16.03869925,0.83232323
16.03996845,0.88484848
23.10393150,1.22424242
23.10481018,1.26060606
30.17170214,1.72121212
90,3.19
90,3.41
